<templateSet group="extend_shortcuts">
  <template name="grid" value="{&#10;  &quot;type&quot;: &quot;grid&quot;,&#10;  &quot;id&quot;: &quot;gridId&quot;,&#10;  &quot;rows&quot;: &quot;&lt;% grid.data %&gt;&quot;,&#10;  &quot;rowVariableName&quot;: &quot;row&quot;,&#10;  &quot;columns&quot;: [&#10;    {&#10;      &quot;type&quot;: &quot;column&quot;,&#10;      &quot;id&quot;: &quot;col1&quot;,&#10;      &quot;columnId&quot;: &quot;col1&quot;,&#10;      &quot;cellTemplate&quot;: {&#10;        &quot;type&quot;: &quot;text&quot;,&#10;        &quot;value&quot;: &quot;&lt;% row.name %&gt;&quot;&#10;      },&#10;      &quot;label&quot;: &quot;row 1&quot;&#10;    },&#10;    {&#10;      &quot;type&quot;: &quot;column&quot;,&#10;      &quot;id&quot;: &quot;action&quot;,&#10;      &quot;columnId&quot;: &quot;action&quot;,&#10;      &quot;label&quot;: &quot;Sample Redirect with Query Parameter&quot;,&#10;      &quot;cellTemplate&quot;: {&#10;        &quot;type&quot;: &quot;button&quot;,&#10;        &quot;label&quot;: &quot;Go&quot;,&#10;        &quot;action&quot;: &quot;PRIMARY&quot;,&#10;        &quot;taskReference&quot;: {&#10;          &quot;taskId&quot;: &quot;taskId&quot;,&#10;          &quot;parameterBindings&quot;: {&#10;            &quot;id&quot;: &quot;&lt;% rowId %&gt;&quot;&#10;          }&#10;        }&#10;      }&#10;    }&#10;  ]&#10;}" description="" toReformat="false" toShortenFQNames="true" useStaticImport="true">
    <context>
      <option name="OTHER" value="true" />
    </context>
  </template>
  <template name="areaLayout" value="{&#10;  &quot;type&quot;: &quot;areaLayout&quot;,&#10;  &quot;layout&quot;: &quot;left&quot;,&#10;  &quot;primaryArea&quot;: [&#10;    {&#10;      &quot;type&quot;: &quot;richText&quot;,&#10;      &quot;label&quot;: &quot;rich text&quot;,&#10;      &quot;id&quot;: &quot;text&quot;,&#10;      &quot;value&quot;: &quot;this is a test&quot;&#10;    }&#10;  ],&#10;  &quot;secondaryArea&quot;: [&#10;    {&#10;      &quot;type&quot;: &quot;date&quot;,&#10;      &quot;label&quot;: &quot;date label&quot;,&#10;      &quot;value&quot;: &quot;&lt;% %&gt;&quot;&#10;    }&#10;  ]&#10;}" description="" toReformat="false" toShortenFQNames="true" useStaticImport="true">
    <context>
      <option name="OTHER" value="true" />
    </context>
  </template>
  <template name="fileUploader" value="{&#10;  &quot;type&quot;: &quot;fileUploader&quot;,&#10;  &quot;id&quot;: &quot;fileUploaderWithAttachmentList&quot;,&#10;  &quot;label&quot;: &quot;Review the document, and upload additional files:&quot;,&#10;  &quot;valueOutBinding&quot;: &quot;attachFiles&quot;,&#10;  &quot;children&quot;: [&#10;    {&#10;      &quot;type&quot;: &quot;fileUploaderRow&quot;,&#10;      &quot;attachment&quot;: {&#10;        &quot;type&quot;: &quot;attachmentList&quot;,&#10;        &quot;attachmentURL&quot;: &quot;https://www.workday.com/content/dam/web/en-us/documents/datasheets/datasheet-workday-human-capital-management.pdf&quot;,&#10;        &quot;attachmentName&quot;: &quot;datasheet-workday-human-capital-management.pdf&quot;,&#10;        &quot;attachmentUriTemplate&quot;: &quot;[Target]&quot;,&#10;        &quot;instanceList&quot;: [&#10;          {&#10;            &quot;action&quot;: &quot;attachment&quot;,&#10;            &quot;descriptor&quot;: &quot;Workday Human Capital Management Datasheet&quot;,&#10;            &quot;mimeType&quot;: &quot;application/pdf&quot;,&#10;            &quot;iconId&quot;: &quot;mime_pdf&quot;&#10;          }&#10;        ]&#10;      },&#10;      &quot;fileName&quot;: &quot;Workday Human Capital Management Datasheet&quot;,&#10;      &quot;fileType&quot;: &quot;application/pdf&quot;,&#10;      &quot;allowRemove&quot;: &quot;false&quot;&#10;    }&#10;  ]&#10;}" description="" toReformat="false" toShortenFQNames="true" useStaticImport="true">
    <context>
      <option name="OTHER" value="true" />
    </context>
  </template>
  <template name="basicFormLayout" value="{&#10;  &quot;type&quot;: &quot;basicFormLayout&quot;,&#10;  &quot;sections&quot;: [&#10;    {&#10;      &quot;type&quot;: &quot;layoutSection&quot;,&#10;      &quot;children&quot;: [&#10;        {&#10;          &quot;type&quot;: &quot;richText&quot;,&#10;          &quot;label&quot;: &quot;rich text&quot;,&#10;          &quot;id&quot;: &quot;text&quot;,&#10;          &quot;value&quot;: &quot;this is a test&quot;&#10;        }&#10;      ]&#10;    },&#10;    {&#10;      &quot;type&quot;: &quot;layoutSection&quot;,&#10;      &quot;children&quot;: [&#10;        {&#10;          &quot;type&quot;: &quot;dropdown&quot;,&#10;          &quot;selectedValues&quot;: &quot;&lt;% ['Special Leave'] %&gt;&quot;,&#10;          &quot;label&quot;: &quot;What type of leave are you applying for?&quot;,&#10;          &quot;id&quot;: &quot;dropdownList&quot;,&#10;          &quot;instanceList&quot;: [&#10;            {&#10;              &quot;id&quot;: &quot;Special Leave&quot;,&#10;              &quot;descriptor&quot;: &quot;Special Leave&quot;&#10;            },&#10;            {&#10;              &quot;id&quot;: &quot;Special Leave - Domestic&quot;,&#10;              &quot;descriptor&quot;: &quot;Special Leave - Domestic&quot;&#10;            }&#10;          ]&#10;        }&#10;      ]&#10;    },&#10;    {&#10;      &quot;type&quot;: &quot;layoutSection&quot;,&#10;      &quot;children&quot;: [&#10;        {&#10;          &quot;type&quot;: &quot;date&quot;,&#10;          &quot;label&quot;: &quot;date label&quot;,&#10;          &quot;value&quot;: &quot;&lt;% date:getTodaysDate(date:getDateTimeZone('Asia/Bangkok')) %&gt;&quot;&#10;        }&#10;      ]&#10;    }&#10;  ]&#10;}" description="" toReformat="false" toShortenFQNames="true" useStaticImport="true">
    <context>
      <option name="OTHER" value="true" />
    </context>
  </template>
  <template name="layoutSection" value="{&#10;  &quot;type&quot;: &quot;layoutSection&quot;,&#10;  &quot;children&quot;: [&#10;    {&#10;      &quot;type&quot;: &quot;richText&quot;,&#10;      &quot;label&quot;: &quot;rich text&quot;,&#10;      &quot;id&quot;: &quot;text&quot;,&#10;      &quot;value&quot;: &quot;this is a test&quot;&#10;    }&#10;  ]&#10;}" description="" toReformat="false" toShortenFQNames="true" useStaticImport="true">
    <context>
      <option name="OTHER" value="true" />
    </context>
  </template>
  <template name="button_primary" value="{&#10;  &quot;type&quot;: &quot;button&quot;,&#10;  &quot;label&quot;: &quot;Primary&quot;,&#10;  &quot;action&quot;: &quot;PRIMARY&quot;,&#10;  &quot;taskReference&quot;: {&#10;    &quot;taskId&quot;: &quot;redirectQuery&quot;,&#10;    &quot;parameters&quot;: &quot;&lt;% json:create(json:attribute('id', 'this assignment style works but will be overwritten in this case')) %&gt;&quot;,&#10;    &quot;parameterBindings&quot;: {&#10;      &quot;id&quot;: &quot;this will overwrite the other parameter&quot;&#10;    },&#10;    &quot;_comment&quot;: &quot;While the parameters field works, parameterBindings will overwrite those fields.&quot;&#10;  }&#10;}" description="" toReformat="false" toShortenFQNames="true" useStaticImport="true">
    <context>
      <option name="OTHER" value="true" />
    </context>
  </template>
  <template name="button_seconday" value="{&#10;  &quot;type&quot;: &quot;button&quot;,&#10;  &quot;label&quot;: &quot;Secondary&quot;,&#10;  &quot;taskReference&quot;: {&#10;    &quot;taskId&quot;: &quot;home&quot;&#10;  }&#10;}" description="" toReformat="false" toShortenFQNames="true" useStaticImport="true">
    <context>
      <option name="OTHER" value="true" />
    </context>
  </template>
  <template name="button_auxiliary" value="{&#10;  &quot;type&quot;: &quot;button&quot;,&#10;  &quot;label&quot;: &quot;Auxiliary&quot;,&#10;  &quot;action&quot;: &quot;AUXILIARY&quot;,&#10;  &quot;taskReference&quot;: {&#10;    &quot;taskId&quot;: &quot;home&quot;&#10;  }&#10;}" description="" toReformat="false" toShortenFQNames="true" useStaticImport="true">
    <context>
      <option name="OTHER" value="true" />
    </context>
  </template>
  <template name="button_link" value="{&#10;  &quot;type&quot;: &quot;button&quot;,&#10;  &quot;label&quot;: &quot;Link&quot;,&#10;  &quot;action&quot;: &quot;LINK&quot;,&#10;  &quot;taskReference&quot;: {&#10;    &quot;taskId&quot;: &quot;home&quot;&#10;  }&#10;}" description="" toReformat="false" toShortenFQNames="true" useStaticImport="true">
    <context>
      <option name="OTHER" value="true" />
    </context>
  </template>
  <template name="buttonGroup" value="{&#10;  &quot;type&quot;: &quot;buttonGroup&quot;,&#10;  &quot;label&quot;: &quot;buttonGroup&quot;,&#10;  &quot;action&quot;: &quot;PRIMARY&quot;,&#10;  &quot;children&quot;: [&#10;    {&#10;      &quot;type&quot;: &quot;button&quot;,&#10;      &quot;label&quot;: &quot;Option 1&quot;,&#10;      &quot;action&quot;: &quot;PRIMARY&quot;,&#10;      &quot;taskReference&quot;: {&#10;        &quot;taskId&quot;: &quot;home&quot;&#10;      }&#10;    },&#10;    {&#10;      &quot;type&quot;: &quot;button&quot;,&#10;      &quot;label&quot;: &quot;Option 2&quot;,&#10;      &quot;action&quot;: &quot;PRIMARY&quot;,&#10;      &quot;taskReference&quot;: {&#10;        &quot;taskId&quot;: &quot;home&quot;&#10;      }&#10;    },&#10;    {&#10;      &quot;type&quot;: &quot;button&quot;,&#10;      &quot;label&quot;: &quot;Option 3&quot;,&#10;      &quot;action&quot;: &quot;PRIMARY&quot;,&#10;      &quot;taskReference&quot;: {&#10;        &quot;taskId&quot;: &quot;home&quot;&#10;      }&#10;    },&#10;    {&#10;      &quot;type&quot;: &quot;button&quot;,&#10;      &quot;label&quot;: &quot;Option 4&quot;,&#10;      &quot;action&quot;: &quot;PRIMARY&quot;,&#10;      &quot;taskReference&quot;: {&#10;        &quot;taskId&quot;: &quot;home&quot;&#10;      }&#10;    },&#10;    {&#10;      &quot;type&quot;: &quot;button&quot;,&#10;      &quot;label&quot;: &quot;Option 5&quot;,&#10;      &quot;action&quot;: &quot;PRIMARY&quot;,&#10;      &quot;taskReference&quot;: {&#10;        &quot;taskId&quot;: &quot;home&quot;&#10;      }&#10;    }&#10;  ]&#10;}" description="" toReformat="false" toShortenFQNames="true" useStaticImport="true">
    <context>
      <option name="OTHER" value="true" />
    </context>
  </template>
  <template name="dropDownButton" value="{&#10;  &quot;action&quot;: &quot;PRIMARY&quot;,&#10;  &quot;type&quot;: &quot;dropDownButton&quot;,&#10;  &quot;id&quot;: &quot;dropDownButtonList&quot;,&#10;  &quot;label&quot;: &quot;dropDownButton&quot;,&#10;  &quot;values&quot;: [&#10;    {&#10;      &quot;label&quot;: &quot;Look at more widgets&quot;,&#10;      &quot;taskReference&quot;: {&#10;        &quot;taskId&quot;: &quot;home&quot;&#10;      }&#10;    },&#10;    {&#10;      &quot;label&quot;: &quot;Go back to home&quot;,&#10;      &quot;taskReference&quot;: {&#10;        &quot;taskId&quot;: &quot;home&quot;&#10;      }&#10;    }&#10;  ]&#10;}" description="" toReformat="false" toShortenFQNames="true" useStaticImport="true">
    <context>
      <option name="OTHER" value="true" />
    </context>
  </template>
  <template name="text" value="{&#10;  &quot;type&quot;: &quot;text&quot;,&#10;  &quot;id&quot;: &quot;myText&quot;,&#10;  &quot;enabled&quot;: &quot;false&quot;,&#10;  &quot;label&quot;: &quot;Have you clicked the pageActionButton yet?&quot;,&#10;  &quot;value&quot;: &quot;&lt;% 'No' %&gt; &quot;&#10;}" description="" toReformat="false" toShortenFQNames="true" useStaticImport="true">
    <context>
      <option name="OTHER" value="true" />
    </context>
  </template>
  <template name="externalLink" value="{&#10;  &quot;type&quot;: &quot;externalLink&quot;,&#10;  &quot;label&quot;: &quot;externalLink&quot;,&#10;  &quot;descriptor&quot;: &quot;Link to an External Site&quot;,&#10;  &quot;url&quot;: &quot;https://developer.workday.com&quot;,&#10;  &quot;_url&quot;: &quot;&lt;% '/' + tenant + '/d/home.htmld' %&gt;&quot;&#10;}" description="" toReformat="false" toShortenFQNames="true" useStaticImport="true">
    <context>
      <option name="OTHER" value="true" />
    </context>
  </template>
  <template name="editButtonBar" value="{&#10;  &quot;type&quot;: &quot;editButtonBar&quot;,&#10;  &quot;id&quot;: &quot;editButtonBar&quot;,&#10;  &quot;editButtons&quot;: [&#10;    {&#10;      &quot;type&quot;: &quot;editButton&quot;,&#10;      &quot;label&quot;: &quot;editButton&quot;,&#10;      &quot;id&quot;: &quot;1&quot;,&#10;      &quot;buttonType&quot;: &quot;PRIMARY&quot;,&#10;      &quot;ignoreRequiredFields&quot;: &quot;true&quot;&#10;    },&#10;    {&#10;      &quot;type&quot;: &quot;dropdownEditButton&quot;,&#10;      &quot;id&quot;: &quot;acceptButton&quot;,&#10;      &quot;buttonType&quot;: &quot;PRIMARY&quot;,&#10;      &quot;enabled&quot;: &quot;false&quot;,&#10;      &quot;dropDown&quot;: {&#10;        &quot;id&quot;: &quot;accept&quot;,&#10;        &quot;type&quot;: &quot;dropdown&quot;,&#10;        &quot;label&quot;: &quot;Accept&quot;,&#10;        &quot;instanceList&quot;: [&#10;          {&#10;            &quot;id&quot;: &quot;7&quot;,&#10;            &quot;descriptor&quot;: &quot;Accept&quot;&#10;          }&#10;        ]&#10;      }&#10;    },&#10;    {&#10;      &quot;type&quot;: &quot;dropdownEditButton&quot;,&#10;      &quot;id&quot;: &quot;rejectButton&quot;,&#10;      &quot;buttonType&quot;: &quot;AUXILIARY&quot;,&#10;      &quot;dropDown&quot;: {&#10;        &quot;id&quot;: &quot;reject&quot;,&#10;        &quot;type&quot;: &quot;dropdown&quot;,&#10;        &quot;label&quot;: &quot;Reject&quot;,&#10;        &quot;instanceList&quot;: [&#10;          {&#10;            &quot;id&quot;: &quot;2&quot;,&#10;            &quot;descriptor&quot;: &quot;No Reason Specified&quot;&#10;          },&#10;          {&#10;            &quot;id&quot;: &quot;3&quot;,&#10;            &quot;descriptor&quot;: &quot;Did not clear interview&quot;&#10;          },&#10;          {&#10;            &quot;id&quot;: &quot;4&quot;,&#10;            &quot;descriptor&quot;: &quot;Did not do well in test&quot;&#10;          }&#10;        ]&#10;      }&#10;    }&#10;  ]&#10;}" description="" toReformat="false" toShortenFQNames="true" useStaticImport="true">
    <context>
      <option name="OTHER" value="true" />
    </context>
  </template>
  <template name="congratulationsPopup" value="{&#10;  &quot;type&quot;: &quot;congratulationsPopup&quot;,&#10;  &quot;id&quot;: &quot;CONGRATULATIONS!&quot;,&#10;  &quot;label&quot;: &quot;CONGRATULATIONS!&quot;,&#10;  &quot;textCongrats&quot;: &quot;CONGRATULATIONS!&quot;,&#10;  &quot;textSubmitted&quot;: &quot;You have looked at all the widgets!&quot;&#10;}" description="" toReformat="false" toShortenFQNames="true" useStaticImport="true">
    <context>
      <option name="OTHER" value="true" />
    </context>
  </template>
  <template name="dropdown" value="{&#10;  &quot;type&quot;: &quot;dropdown&quot;,&#10;  &quot;label&quot;: &quot;Country - Reference Data&quot;,&#10;  &quot;id&quot;: &quot;country&quot;,&#10;  &quot;idKey&quot;: &quot;ISO_3166_1_Alpha_3_Code&quot;,&#10;  &quot;displayKey&quot;: &quot;name&quot;,&#10;  &quot;values&quot;: &quot;&lt;% countries.items %&gt;&quot;,&#10;  &quot;onChange&quot;: &quot;&lt;% displayCountry.value = !empty self.value ? self.value.get(0) : '' %&gt;&quot;&#10;}" description="" toReformat="false" toShortenFQNames="true" useStaticImport="true">
    <context>
      <option name="OTHER" value="true" />
    </context>
  </template>
  <template name="dropdown_hardcoded" value="{&#10;  &quot;type&quot;: &quot;dropdown&quot;,&#10;  &quot;label&quot;: &quot;Hardcoded Data 1&quot;,&#10;  &quot;id&quot;: &quot;hardcoded&quot;,&#10;  &quot;selectedValues&quot;: &quot;&lt;% ['id2'] %&gt;&quot;,&#10;  &quot;onChange&quot;: &quot;&lt;% displayHardcodedData.value = !empty self.value ? self.value.get(0) : '' %&gt;&quot;,&#10;  &quot;instanceList&quot;: [&#10;    {&#10;      &quot;id&quot;: &quot;id1&quot;,&#10;      &quot;descriptor&quot;: &quot;Option 1&quot;&#10;    },&#10;    {&#10;      &quot;id&quot;: &quot;id2&quot;,&#10;      &quot;descriptor&quot;: &quot;Option 2&quot;&#10;    }&#10;  ]&#10;}" description="" toReformat="false" toShortenFQNames="true" useStaticImport="true">
    <context>
      <option name="OTHER" value="true" />
    </context>
  </template>
  <template name="panelList" value="{&#10;  &quot;type&quot;: &quot;panelList&quot;,&#10;  &quot;id&quot;: &quot;educationPanelList&quot;,&#10;  &quot;label&quot;: &quot;Education&quot;,&#10;  &quot;children&quot;: []&#10;}" description="" toReformat="false" toShortenFQNames="true" useStaticImport="true">
    <context>
      <option name="OTHER" value="true" />
    </context>
  </template>
  <template name="image" value="{&#10;  &quot;userPhoto&quot;: &quot;true&quot;,&#10;  &quot;type&quot;: &quot;image&quot;,&#10;  &quot;label&quot;: &quot;Shrink Image&quot;,&#10;  &quot;imageUri&quot;: &quot;https://imgur.com/NRb0nVz.png&quot;&#10;}" description="" toReformat="false" toShortenFQNames="true" useStaticImport="true">
    <context>
      <option name="OTHER" value="true" />
    </context>
  </template>
  <template name="instanceList" value="{&#10;  &quot;multiSelect&quot;: &quot;true&quot;,&#10;  &quot;type&quot;: &quot;instanceList&quot;,&#10;  &quot;label&quot;: &quot;instanceList with multi-select&quot;,&#10;  &quot;idKey&quot;: &quot;ISO_3166_1_Numeric_3_Code&quot;,&#10;  &quot;displayKey&quot;: &quot;name&quot;,&#10;  &quot;values&quot;: &quot;&lt;% countries.items %&gt;&quot;&#10;}" description="" toReformat="false" toShortenFQNames="true" useStaticImport="true">
    <context>
      <option name="OTHER" value="true" />
    </context>
  </template>
  <template name="checkBoxList" value="{&#10;  &quot;type&quot;: &quot;checkBoxList&quot;,&#10;  &quot;label&quot;: &quot;checkBoxList (select only 2)&quot;,&#10;  &quot;maxSelectable&quot;: 2,&#10;  &quot;idKey&quot;: &quot;ISO_3166_1_Numeric_3_Code&quot;,&#10;  &quot;displayKey&quot;: &quot;name&quot;,&#10;  &quot;values&quot;: &quot;&lt;% countries.items %&gt;&quot;&#10;}" description="" toReformat="false" toShortenFQNames="true" useStaticImport="true">
    <context>
      <option name="OTHER" value="true" />
    </context>
  </template>
  <template name="labeledThumbnail" value="{&#10;  &quot;type&quot;: &quot;labeledThumbnail&quot;,&#10;  &quot;id&quot;: &quot;abc&quot;,&#10;  &quot;render&quot;: true,&#10;  &quot;title&quot;: &quot;My labeledThumbnail&quot;,&#10;  &quot;subtitle&quot;: &quot;This is the subtitle text for my labeledThumbnail. &quot;,&#10;  &quot;imageEndPoint&quot;: {&#10;    &quot;authType&quot;: &quot;noauth&quot;,&#10;    &quot;url&quot;: &quot;&lt;% 'https://boomi.com/wp-content/uploads/workday-logo-1.png' %&gt;&quot;&#10;  }&#10;}" description="" toReformat="false" toShortenFQNames="true" useStaticImport="true">
    <context>
      <option name="OTHER" value="true" />
    </context>
  </template>
  <template name="loop" value="{&#10;  &quot;type&quot;: &quot;loop&quot;,&#10;  &quot;label&quot;: &quot;Loop&quot;,&#10;  &quot;on&quot;: &quot;&lt;% workers.data %&gt;&quot;,&#10;  &quot;as&quot;: &quot;objectToLoopOn&quot;,&#10;  &quot;children&quot;: [&#10;    {&#10;      &quot;type&quot;: &quot;text&quot;,&#10;      &quot;label&quot;: &quot;&lt;% objectToLoopOn.descriptor %&gt;&quot;,&#10;      &quot;value&quot;: &quot;&lt;% objectToLoopOn.person.email %&gt;&quot;&#10;    }&#10;  ]&#10;}" description="" toReformat="false" toShortenFQNames="true" useStaticImport="true">
    <context>
      <option name="OTHER" value="true" />
    </context>
  </template>
  <template name="instanceList_loopTag" value="{&#10;  &quot;id&quot;: &quot;workerInstanceList&quot;,&#10;  &quot;type&quot;: &quot;instanceList&quot;,&#10;  &quot;label&quot;: &quot;Hover on these instances to see their related actions menus.&quot;,&#10;  &quot;instanceListLoopTag&quot;: {&#10;    &quot;type&quot;: &quot;instanceLoop&quot;,&#10;    &quot;templateInstance&quot;: {&#10;      &quot;id&quot;: &quot;&lt;% workerInstance.id %&gt;&quot;,&#10;      &quot;descriptor&quot;: &quot;&lt;% workerInstance.descriptor %&gt;&quot;,&#10;      &quot;wid&quot;: &quot;&lt;% workerInstance.id %&gt;&quot;&#10;    },&#10;    &quot;on&quot;: &quot;&lt;% workers.data %&gt;&quot;,&#10;    &quot;as&quot;: &quot;workerInstance&quot;&#10;  }&#10;}" description="" toReformat="false" toShortenFQNames="true" useStaticImport="true">
    <context>
      <option name="OTHER" value="true" />
    </context>
  </template>
  <template name="dynamicSection" value="{&#10;  &quot;type&quot;: &quot;dynamicSection&quot;,&#10;  &quot;id&quot;: &quot;dynamicAttachmentSection1&quot;,&#10;  &quot;data&quot;: &quot;&lt;%  {'data':[]} %&gt;&quot;,&#10;  &quot;dataVariableName&quot;: &quot;dynamicData&quot;,&#10;  &quot;children&quot;: [&#10;    {&#10;      &quot;type&quot;: &quot;progressIndicator&quot;,&#10;      &quot;id&quot;: &quot;progressIndicatorId&quot;,&#10;      &quot;value&quot;: &quot;&lt;%  dynamicData.piValue ?? 0 %&gt;&quot;,&#10;      &quot;maximumValue&quot;: &quot;100&quot;,&#10;      &quot;label&quot;: &quot;Keep clicking the button below to see progress&quot;,&#10;      &quot;isPercentage&quot;: false&#10;    }&#10;  ]&#10;}" description="" toReformat="false" toShortenFQNames="true" useStaticImport="true">
    <context>
      <option name="OTHER" value="true" />
    </context>
  </template>
  <template name="pageActionButton" value="{&#10;  &quot;type&quot;: &quot;pageActionButton&quot;,&#10;  &quot;id&quot;: &quot;PageActionButton&quot;,&#10;  &quot;visible&quot;: true,&#10;  &quot;label&quot;: &quot;Press!&quot;,&#10;  &quot;onClick&quot;: &quot;&lt;%%&gt;&quot;&#10;}" description="" toReformat="false" toShortenFQNames="true" useStaticImport="true">
    <context>
      <option name="OTHER" value="true" />
    </context>
  </template>
  <template name="waterfallChart2" value="{&#10;      &quot;type&quot;: &quot;waterfallChart2&quot;,&#10;      &quot;data&quot;: &quot;&lt;% tickets.getBurndownData() %&gt;&quot;,&#10;      &quot;animateOnLoad&quot;: true,&#10;      &quot;legendPosition&quot;: &quot;RIGHT&quot;,&#10;      &quot;accentFirstMark&quot;: true,&#10;      &quot;appendEndMark&quot;: false,&#10;      &quot;dataVariableName&quot;: &quot;data&quot;,&#10;      &quot;measurementDataSet&quot;: {&#10;        &quot;name&quot;: &quot;Tickets Remaining&quot;,&#10;        &quot;value&quot;: &quot;&lt;% data.numTicketsRemaining %&gt;&quot;&#10;      },&#10;      &quot;categoryDataSet&quot;: {&#10;        &quot;name&quot;: &quot;Timeline&quot;,&#10;        &quot;value&quot;: &quot;&lt;% data.date %&gt;&quot;&#10;      }&#10;    }" description="" toReformat="false" toShortenFQNames="true" useStaticImport="true">
    <context>
      <option name="OTHER" value="true" />
    </context>
  </template>
  <template name="dualAxisChart2" value="{&#10;      &quot;type&quot;: &quot;dualAxisChart2&quot;,&#10;      &quot;data&quot;: &quot;&lt;% projectPlanningData.getTicketCompletionData() %&gt;&quot;,&#10;      &quot;dataVariableName&quot;: &quot;data&quot;,&#10;      &quot;measurementDataSets&quot;: [&#10;        {&#10;          &quot;name&quot;: &quot;Tickets Completed&quot;,&#10;          &quot;value&quot;: &quot;&lt;% data.ticketsCompleted %&gt;&quot;,&#10;          &quot;chartMarkType&quot;: &quot;BAR&quot;&#10;        },&#10;        {&#10;          &quot;name&quot;: &quot;Tickets In Progress&quot;,&#10;          &quot;value&quot;: &quot;&lt;% data.ticketsInProgress %&gt;&quot;,&#10;          &quot;chartMarkType&quot;: &quot;BAR&quot;&#10;        },&#10;        {&#10;          &quot;name&quot;: &quot;Tickets Not Started&quot;,&#10;          &quot;value&quot;: &quot;&lt;% data.ticketsNotStarted %&gt;&quot;,&#10;          &quot;chartMarkType&quot;: &quot;BAR&quot;&#10;        },&#10;        {&#10;          &quot;name&quot;: &quot;Tickets Won't Do&quot;,&#10;          &quot;value&quot;: &quot;&lt;% data.ticketsWontDo %&gt;&quot;,&#10;          &quot;chartMarkType&quot;: &quot;BAR&quot;&#10;        },&#10;        {&#10;          &quot;name&quot;: &quot;Total Story Points Committed&quot;,&#10;          &quot;value&quot;: &quot;&lt;% data.storyPointsCommitted %&gt;&quot;,&#10;          &quot;chartMarkType&quot;: &quot;LINE&quot;,&#10;          &quot;axisPosition&quot;: &quot;RIGHT&quot;&#10;        },&#10;        {&#10;          &quot;name&quot;: &quot;Total Story Points Completed&quot;,&#10;          &quot;value&quot;: &quot;&lt;% data.storyPointsCompleted %&gt;&quot;,&#10;          &quot;chartMarkType&quot;: &quot;LINE&quot;,&#10;          &quot;axisPosition&quot;: &quot;RIGHT&quot;&#10;        }&#10;      ],&#10;      &quot;categoryDataSet&quot;: {&#10;        &quot;name&quot;: &quot;Sprint&quot;,&#10;        &quot;value&quot;: &quot;&lt;% data.sprint %&gt;&quot;&#10;      },&#10;      &quot;rightAxisOptions&quot;: {&#10;        &quot;axisTitle&quot;: &quot;Story Points&quot;&#10;      },&#10;      &quot;leftAxisOptions&quot;: {&#10;        &quot;axisTitle&quot;: &quot;Tickets&quot;&#10;      }&#10;    }" description="" toReformat="false" toShortenFQNames="true" useStaticImport="true">
    <context>
      <option name="OTHER" value="true" />
    </context>
  </template>
  <template name="stackedBarChart2" value="{&#10;      &quot;type&quot;: &quot;stackedBarChart2&quot;,&#10;      &quot;data&quot;: &quot;&lt;% projectPlanningData.getTimeEstimateData() %&gt;&quot;,&#10;      &quot;dataVariableName&quot;: &quot;data&quot;,&#10;      &quot;accessibilityMode&quot;: true,&#10;      &quot;measurementDataSets&quot;: [&#10;        {&#10;          &quot;name&quot;: &quot;Triage&quot;,&#10;          &quot;value&quot;: &quot;&lt;% data.timeSpentTriage %&gt;&quot;&#10;        },&#10;        {&#10;          &quot;name&quot;: &quot;Development&quot;,&#10;          &quot;value&quot;: &quot;&lt;% data.timeSpentDevelopment %&gt;&quot;&#10;        },&#10;        {&#10;          &quot;name&quot;: &quot;Review&quot;,&#10;          &quot;value&quot;: &quot;&lt;% data.timeSpentReview %&gt;&quot;&#10;        },&#10;        {&#10;          &quot;name&quot;: &quot;Testing&quot;,&#10;          &quot;value&quot;: &quot;&lt;% data.timeSpentTesting %&gt;&quot;&#10;        }&#10;      ],&#10;      &quot;measurementAxisOptions&quot;: {&#10;        &quot;axisTitle&quot;: &quot;Time Spent (hours)&quot;&#10;      },&#10;      &quot;categoryDataSet&quot;: {&#10;        &quot;name&quot;: &quot;Ticket&quot;,&#10;        &quot;value&quot;: &quot;&lt;% data.ticket %&gt;&quot;&#10;      },&#10;      &quot;targetLineDataSet&quot;: {&#10;        &quot;name&quot;: &quot;Total Time Estimate&quot;,&#10;        &quot;value&quot;: &quot;&lt;% data.totalTimeEstimate %&gt;&quot;&#10;      }&#10;    }" description="" toReformat="false" toShortenFQNames="true" useStaticImport="true">
    <context>
      <option name="OTHER" value="true" />
    </context>
  </template>
  <template name="stackedAreaChart2" value="{&#10;      &quot;type&quot;: &quot;stackedAreaChart2&quot;,&#10;      &quot;data&quot;: &quot;&lt;% projectPlanningData.getTicketTypeData() %&gt;&quot;,&#10;      &quot;dataVariableName&quot;: &quot;data&quot;,&#10;      &quot;measurementDataSets&quot;: [&#10;        {&#10;          &quot;name&quot;: &quot;Stories&quot;,&#10;          &quot;value&quot;: &quot;&lt;% data.stories %&gt;&quot;&#10;        },&#10;        {&#10;          &quot;name&quot;: &quot;Bugs&quot;,&#10;          &quot;value&quot;: &quot;&lt;% data.bugs %&gt;&quot;&#10;        },&#10;        {&#10;          &quot;name&quot;: &quot;Spikes&quot;,&#10;          &quot;value&quot;: &quot;&lt;% data.spikes %&gt;&quot;&#10;        }&#10;      ],&#10;      &quot;measurementAxisOptions&quot;: {&#10;        &quot;axisTitle&quot;: &quot;Tickets&quot;&#10;      },&#10;      &quot;categoryDataSet&quot;: {&#10;        &quot;name&quot;: &quot;Sprint&quot;,&#10;        &quot;value&quot;: &quot;&lt;% data.sprint %&gt;&quot;&#10;      }&#10;    }" description="" toReformat="false" toShortenFQNames="true" useStaticImport="true">
    <context>
      <option name="OTHER" value="true" />
    </context>
  </template>
  <template name="percentBarChart2" value="{&#10;      &quot;type&quot;: &quot;percentBarChart2&quot;,&#10;      &quot;data&quot;: &quot;&lt;% projectPlanningData.getTicketCompletionData() %&gt;&quot;,&#10;      &quot;dataVariableName&quot;: &quot;data&quot;,&#10;      &quot;measurementDataSets&quot;: [&#10;        {&#10;          &quot;name&quot;: &quot;Tickets Completed&quot;,&#10;          &quot;value&quot;: &quot;&lt;% data.ticketsCompleted %&gt;&quot;&#10;        },&#10;        {&#10;          &quot;name&quot;: &quot;Tickets In Progress&quot;,&#10;          &quot;value&quot;: &quot;&lt;% data.ticketsInProgress %&gt;&quot;&#10;        },&#10;        {&#10;          &quot;name&quot;: &quot;Tickets Not Started&quot;,&#10;          &quot;value&quot;: &quot;&lt;% data.ticketsNotStarted %&gt;&quot;&#10;        }&#10;      ],&#10;      &quot;measurementAxisOptions&quot;: {&#10;        &quot;hideAxisTitle&quot;: true&#10;      },&#10;      &quot;categoryDataSet&quot;: {&#10;        &quot;name&quot;: &quot;Sprint&quot;,&#10;        &quot;value&quot;: &quot;&lt;% data.sprint %&gt;&quot;&#10;      }&#10;    }" description="" toReformat="false" toShortenFQNames="true" useStaticImport="true">
    <context>
      <option name="OTHER" value="true" />
    </context>
  </template>
  <template name="cardContainer" value="{&#10; &quot;type&quot;: &quot;cardContainer&quot;,&#10; &quot;layout&quot;: &quot;MASONRY&quot;,&#10; &quot;cards&quot;: [&#10;   {&#10;     &quot;type&quot;: &quot;card&quot;,&#10;     &quot;cardId&quot;: &quot;features&quot;,&#10;     &quot;parameters&quot;: &quot;&lt;% {&#10;         'ticketStatus': 'Open',&#10;         'allTickets': tickets.getAllTickets()&#10;     } %&gt;&quot;&#10;   },&#10;   {&#10;     &quot;type&quot;: &quot;card&quot;,&#10;     &quot;cardId&quot;: &quot;features&quot;,&#10;     &quot;parameters&quot;: &quot;&lt;% {&#10;         'ticketStatus': 'In Progress',&#10;         'allTickets': tickets.getAllTickets()&#10;     } %&gt;&quot;&#10;   },&#10;   {&#10;     &quot;type&quot;: &quot;card&quot;,&#10;     &quot;cardId&quot;: &quot;features&quot;,&#10;     &quot;parameters&quot;: &quot;&lt;% {&#10;         'ticketStatus': 'In Review',&#10;         'allTickets': tickets.getAllTickets()&#10;     } %&gt;&quot;&#10;   },&#10;   {&#10;     &quot;type&quot;: &quot;card&quot;,&#10;     &quot;cardId&quot;: &quot;features&quot;,&#10;     &quot;parameters&quot;: &quot;&lt;% {&#10;         'ticketStatus': 'Completed',&#10;         'allTickets': tickets.getAllTickets()&#10;     } %&gt;&quot;&#10;   }&#10; ]&#10;}" description="" toReformat="false" toShortenFQNames="true" useStaticImport="true">
    <context>
      <option name="OTHER" value="true" />
    </context>
  </template>
  <template name="templatedListItem" value="{&#10;  &quot;type&quot;: &quot;templatedListItem&quot;,&#10;  &quot;id&quot;: &quot;templatedListItemPageLink&quot;,&#10;  &quot;title&quot;: {&#10;    &quot;type&quot;: &quot;instanceList&quot;,&#10;    &quot;taskReference&quot;: {&#10;      &quot;taskId&quot;: &quot;home&quot;&#10;    },&#10;    &quot;instanceList&quot;: [&#10;      {&#10;        &quot;type&quot;: &quot;instance&quot;,&#10;        &quot;descriptor&quot;: &quot;PMD Widget Dictionary Home&quot;&#10;      }&#10;    ]&#10;  },&#10;  &quot;subtitles&quot;: [&#10;    &quot;PMD Widget Dictionary&quot;,&#10;    &quot;Get to know a wide variety of Presentation Components tags&quot;&#10;  ]&#10;}" description="" toReformat="false" toShortenFQNames="true" useStaticImport="true">
    <context>
      <option name="OTHER" value="true" />
    </context>
  </template>
  <template name="tabs" value="&quot;tabs&quot;: [&#10;  {&#10;    &quot;type&quot;: &quot;section&quot;,&#10;    &quot;label&quot;: &quot;Tab 1&quot;,&#10;    &quot;children&quot;: [&#10;      {&#10;        &quot;type&quot;: &quot;section&quot;,&#10;        &quot;children&quot;: [&#10;          {&#10;            &quot;type&quot;: &quot;section&quot;,&#10;            &quot;columnWidthRatios&quot;: [&#10;              0.25,&#10;              0.75&#10;            ],&#10;            &quot;horizontal&quot;: true,&#10;            &quot;children&quot;: [&#10;              {&#10;                &quot;type&quot;: &quot;section&quot;,&#10;                &quot;columnWidthRatios&quot;: [&#10;                  0.5,&#10;                  0.5&#10;                ],&#10;                &quot;title&quot;: &quot;Sample Text&quot;,&#10;                &quot;children&quot;: [&#10;                  {&#10;                    &quot;type&quot;: &quot;richText&quot;,&#10;                    &quot;value&quot;: &quot;Welcome to the &lt;b&gt;Tab 1&lt;/b&gt;!  Tabs are a tag on the presentation layer, which allow you to stack multiple views on top of one another.  For the tabs function to work, you must have two tabs.   One tab will break the template.  Also be careful as to which tags you use when tabs are in play.   Certain tags might break the tab functionality&lt;br/&gt;&lt;br/&gt;  This is an example of a main page with a grid, and a sample chart on the second tab.&quot;&#10;                  }&#10;                ]&#10;              },&#10;              {&#10;                &quot;type&quot;: &quot;section&quot;,&#10;                &quot;children&quot;: [&#10;                  {&#10;                    &quot;type&quot;: &quot;grid&quot;,&#10;                    &quot;gridType&quot;: &quot;LIST&quot;,&#10;                    &quot;id&quot;: &quot;sampleGrid&quot;,&#10;                    &quot;rows&quot;: &quot;&lt;% countries.items %&gt;&quot;,&#10;                    &quot;rowVariableName&quot;: &quot;country&quot;,&#10;                    &quot;columns&quot;: [&#10;                      {&#10;                        &quot;type&quot;: &quot;column&quot;,&#10;                        &quot;id&quot;: &quot;country0&quot;,&#10;                        &quot;columnId&quot;: &quot;country0&quot;,&#10;                        &quot;cellTemplate&quot;: {&#10;                          &quot;type&quot;: &quot;text&quot;,&#10;                          &quot;value&quot;: &quot;&lt;% country.name %&gt;&quot;&#10;                        },&#10;                        &quot;label&quot;: &quot;Country Name&quot;&#10;                      },&#10;                      {&#10;                        &quot;type&quot;: &quot;column&quot;,&#10;                        &quot;id&quot;: &quot;country1&quot;,&#10;                        &quot;columnId&quot;: &quot;country1&quot;,&#10;                        &quot;cellTemplate&quot;: {&#10;                          &quot;type&quot;: &quot;text&quot;,&#10;                          &quot;value&quot;: &quot;&lt;% country['ISO_3166_1_Alpha_2_Code'] %&gt;&quot;&#10;                        },&#10;                        &quot;label&quot;: &quot;ISO Alpha 2 Code&quot;&#10;                      },&#10;                      {&#10;                        &quot;type&quot;: &quot;column&quot;,&#10;                        &quot;id&quot;: &quot;country2&quot;,&#10;                        &quot;columnId&quot;: &quot;country2&quot;,&#10;                        &quot;cellTemplate&quot;: {&#10;                          &quot;type&quot;: &quot;text&quot;,&#10;                          &quot;value&quot;: &quot;&lt;% country['ISO_3166_1_Alpha_3_Code'] %&gt;&quot;&#10;                        },&#10;                        &quot;label&quot;: &quot;ISO Alpha 3 Coder&quot;&#10;                      }&#10;                    ]&#10;                  }&#10;                ]&#10;              }&#10;            ]&#10;          }&#10;        ]&#10;      }&#10;    ]&#10;  },&#10;  {&#10;    &quot;type&quot;: &quot;section&quot;,&#10;    &quot;label&quot;: &quot;Tab 2&quot;,&#10;    &quot;_comment&quot;: &quot;This is the section for the second tab.  It uses the numeric ISO code for county as the number&quot;,&#10;    &quot;children&quot;: [&#10;      {&#10;        &quot;type&quot;: &quot;text&quot;,&#10;        &quot;value&quot;: &quot;Here is a sample graph&quot;&#10;      },&#10;      {&#10;        &quot;type&quot;: &quot;clusteredColumnChart&quot;,&#10;        &quot;rowVariableName&quot;: &quot;row&quot;,&#10;        &quot;rows&quot;: &quot;&lt;% countries.items %&gt;&quot;,&#10;        &quot;horizontalAxisLabels&quot;: {&#10;          &quot;type&quot;: &quot;chartDimension&quot;,&#10;          &quot;label&quot;: &quot;Country&quot;,&#10;          &quot;binding&quot;: &quot;&lt;% row.name %&gt;&quot;&#10;        },&#10;        &quot;metrics&quot;: [&#10;          {&#10;            &quot;type&quot;: &quot;chartMetric&quot;,&#10;            &quot;label&quot;: &quot;ISO_3166_1_Numeric_3_Code&quot;,&#10;            &quot;binding&quot;: &quot;&lt;% row['ISO_3166_1_Numeric_3_Code'] %&gt;&quot;&#10;          }&#10;        ],&#10;        &quot;verticalAxisTitle&quot;: &quot;ISO Code&quot;,&#10;        &quot;comparisonLinePosition&quot;: 1000,&#10;        &quot;comparisonLineLabel&quot;: &quot;Grand Total&quot;,&#10;        &quot;verticalAxisIncrementValue&quot;: {&#10;          &quot;type&quot;: &quot;chartAxisProperty&quot;,&#10;          &quot;useAxisValue&quot;: true,&#10;          &quot;axisValue&quot;: 100&#10;        },&#10;        &quot;verticalAxisMinimumValue&quot;: {&#10;          &quot;type&quot;: &quot;chartAxisProperty&quot;,&#10;          &quot;useAxisValue&quot;: true,&#10;          &quot;axisValue&quot;: 0&#10;        }&#10;      }&#10;    ]&#10;  }&#10;]" description="" toReformat="false" toShortenFQNames="true" useStaticImport="true">
    <context>
      <option name="OTHER" value="true" />
    </context>
  </template>
  <template name="superEdit" value="{&#10;  &quot;type&quot;: &quot;superEdit&quot;,&#10;  &quot;children&quot;: [&#10;    {&#10;      &quot;type&quot;: &quot;date&quot;&#10;    }&#10;  ]&#10;}" description="" toReformat="false" toShortenFQNames="true" useStaticImport="true">
    <context>
      <option name="OTHER" value="true" />
    </context>
  </template>
  <template name="snapSlider" value="{&#10;  &quot;type&quot;: &quot;snapSlider&quot;,&#10;  &quot;label&quot;: &quot;This app is helping me learn about new widgets!&quot;,&#10;  &quot;id&quot;: &quot;snapSlider&quot;,&#10;  &quot;instanceList&quot;: [&#10;    {&#10;      &quot;id&quot;: &quot;1&quot;,&#10;      &quot;descriptor&quot;: &quot;Strongly Disagree&quot;&#10;    },&#10;    {&#10;      &quot;id&quot;: &quot;2&quot;,&#10;      &quot;descriptor&quot;: &quot;Disagree&quot;&#10;    },&#10;    {&#10;      &quot;id&quot;: &quot;3&quot;,&#10;      &quot;descriptor&quot;: &quot;Neutral&quot;&#10;    },&#10;    {&#10;      &quot;id&quot;: &quot;4&quot;,&#10;      &quot;descriptor&quot;: &quot;Agree&quot;&#10;    },&#10;    {&#10;      &quot;id&quot;: &quot;5&quot;,&#10;      &quot;descriptor&quot;: &quot;Strongly Agree&quot;&#10;    }&#10;  ]&#10;}" description="" toReformat="false" toShortenFQNames="true" useStaticImport="true">
    <context>
      <option name="OTHER" value="true" />
    </context>
  </template>
  <template name="pod" value="{&#10;  &quot;type&quot;: &quot;pod&quot;,&#10;  &quot;podId&quot;: &quot;header&quot;&#10;}" description="" toReformat="false" toShortenFQNames="true" useStaticImport="true">
    <context>
      <option name="OTHER" value="true" />
    </context>
  </template>
  <template name="readOnlyText" value="{&#10;  &quot;type&quot;: &quot;readOnlyText&quot;,&#10;  &quot;label&quot;: &quot;readOnlyText&quot;,&#10;  &quot;value&quot;: &quot;This is read only text.&quot;,&#10;  &quot;enabled&quot;: true&#10;}" description="" toReformat="false" toShortenFQNames="true" useStaticImport="true">
    <context>
      <option name="OTHER" value="true" />
    </context>
  </template>
  <template name="textArea" value="{&#10;  &quot;type&quot;: &quot;textArea&quot;,&#10;  &quot;label&quot;: &quot;textArea&quot;,&#10;  &quot;value&quot;: &quot;Use when you want to implement text longer than a few words. Really long even.&quot;,&#10;  &quot;enabled&quot;: true&#10;}" description="" toReformat="false" toShortenFQNames="true" useStaticImport="true">
    <context>
      <option name="OTHER" value="true" />
    </context>
  </template>
  <template name="richText" value="{&#10;  &quot;type&quot;: &quot;richText&quot;,&#10;  &quot;label&quot;: &quot;richText&quot;,&#10;  &quot;value&quot;: &quot;Use when you want&lt;br&gt;to get &lt;h1 style='color:green;'&gt;really fancy&lt;/h1&gt; with &lt;i&gt;italics&lt;/i&gt;, &lt;b&gt;bolding&lt;/b&gt;, &lt;u&gt;underline&lt;/u&gt; &lt;span style='color: red; font-size: 8px;'&gt;(all kinds of crazy stuff)&lt;/span&gt;.&quot;,&#10;  &quot;enabled&quot;: false&#10;}" description="" toReformat="false" toShortenFQNames="true" useStaticImport="true">
    <context>
      <option name="OTHER" value="true" />
    </context>
  </template>
  <template name="number" value="{&#10;  &quot;type&quot;: &quot;number&quot;,&#10;  &quot;label&quot;: &quot;number&quot;,&#10;  &quot;value&quot;: &quot;42&quot;,&#10;  &quot;enabled&quot;: false&#10;}" description="" toReformat="false" toShortenFQNames="true" useStaticImport="true">
    <context>
      <option name="OTHER" value="true" />
    </context>
  </template>
  <template name="currency" value="{&#10;  &quot;type&quot;: &quot;currency&quot;,&#10;  &quot;label&quot;: &quot;currency&quot;,&#10;  &quot;currencyCode&quot;: &quot;USD&quot;,&#10;  &quot;value&quot;: &quot;1097.02&quot;,&#10;  &quot;minimumValue&quot;: &quot;0.50&quot;,&#10;  &quot;maximumValue&quot;: &quot;1100.50&quot;,&#10;  &quot;enabled&quot;: true,&#10;  &quot;showCurrencySymbol&quot;: true,&#10;  &quot;_comment&quot;: &quot;Currency symbol will never be shown on edit widgets.&quot;&#10;}" description="" toReformat="false" toShortenFQNames="true" useStaticImport="true">
    <context>
      <option name="OTHER" value="true" />
    </context>
  </template>
  <template name="checkBox" value="{&#10;  &quot;type&quot;: &quot;checkBox&quot;,&#10;  &quot;label&quot;: &quot;checkBox&quot;,&#10;  &quot;value&quot;: &quot;true&quot;&#10;}" description="" toReformat="false" toShortenFQNames="true" useStaticImport="true">
    <context>
      <option name="OTHER" value="true" />
    </context>
  </template>
  <template name="radioGroup" value="{&#10;  &quot;type&quot;: &quot;radioGroup&quot;,&#10;  &quot;label&quot;: &quot;radioGroup&quot;,&#10;  &quot;instanceList&quot;: [&#10;    {&#10;      &quot;id&quot;: &quot;1&quot;,&#10;      &quot;descriptor&quot;: &quot;Yes&quot;&#10;    },&#10;    {&#10;      &quot;id&quot;: &quot;2&quot;,&#10;      &quot;descriptor&quot;: &quot;No&quot;&#10;    }&#10;  ]&#10;}" description="" toReformat="false" toShortenFQNames="true" useStaticImport="true">
    <context>
      <option name="OTHER" value="true" />
    </context>
  </template>
  <template name="time" value="{&#10;  &quot;type&quot;: &quot;time&quot;,&#10;  &quot;label&quot;: &quot;time&quot;,&#10;  &quot;value&quot;: &quot;01:23 AM&quot;,&#10;  &quot;enabled&quot;: true&#10;}" description="" toReformat="false" toShortenFQNames="true" useStaticImport="true">
    <context>
      <option name="OTHER" value="true" />
    </context>
  </template>
  <template name="date" value="{&#10;  &quot;type&quot;: &quot;date&quot;,&#10;  &quot;label&quot;: &quot;date&quot;,&#10;  &quot;id&quot;: &quot;dateField&quot;,&#10;  &quot;value&quot;: &quot;&lt;% date:getTodaysDate(date:getDateTimeZone(userTimeZone)) %&gt;&quot;,&#10;  &quot;_value&quot;: &quot;&lt;% date:format(date:add(dateField.value,'DAY',1),'yyyy-MM-dd') %&gt;&quot;,&#10;  &quot;enabled&quot;: true&#10;}" description="" toReformat="false" toShortenFQNames="true" useStaticImport="true">
    <context>
      <option name="OTHER" value="true" />
    </context>
  </template>
  <template name="section" value="{&#10;  &quot;type&quot;: &quot;section&quot;,&#10;  &quot;horizontal&quot;: true,&#10;  &quot;columnWidthRatios&quot;: [&#10;    0.5,&#10;    0.25,&#10;    0.25&#10;  ],&#10;  &quot;children&quot;: [&#10;    {&#10;      &quot;type&quot;: &quot;fieldSet&quot;,&#10;      &quot;title&quot;: &quot;Sample Text Box 5&quot;,&#10;      &quot;children&quot;: [&#10;        {&#10;          &quot;type&quot;: &quot;text&quot;,&#10;          &quot;value&quot;: &quot;Workday serves around the globe. Looking to connect with Workday in your part of the world? Check out our worldwide office listing to find an office near you. Workday serves around the globe. Looking to connect with Workday in your part of the world? Check out our worldwide office listing to find an office near you. Workday serves around the globe. Looking to connect with Workday in your part of the world? Check out our worldwide office listing to find an office near you.&quot;&#10;        }&#10;      ]&#10;    },&#10;    {&#10;      &quot;type&quot;: &quot;fieldSet&quot;,&#10;      &quot;title&quot;: &quot;Sample Text Box 6&quot;,&#10;      &quot;children&quot;: [&#10;        {&#10;          &quot;type&quot;: &quot;text&quot;,&#10;          &quot;value&quot;: &quot;Our core values give us a framework for leadership and daily decisions, and help us enjoy our time at work. Sounds so simple, but too often companies get caught up in politics, ivory-tower attitudes, and market mania instead of focusing on the things that probably made them successful in the first place. The following core values and beliefs define what's important to us at Workday:&quot;&#10;        }&#10;      ]&#10;    },&#10;    {&#10;      &quot;type&quot;: &quot;fieldSet&quot;,&#10;      &quot;title&quot;: &quot;Sample Text Box 7&quot;,&#10;      &quot;children&quot;: [&#10;        {&#10;          &quot;type&quot;: &quot;text&quot;,&#10;          &quot;value&quot;: &quot;Our core values give us a framework for leadership and daily decisions, and help us enjoy our time at work. Sounds so simple, but too often companies get caught up in politics, ivory-tower attitudes, and market mania instead of focusing on the things that probably made them successful in the first place. The following core values and beliefs define what's important to us at Workday:&quot;&#10;        }&#10;      ]&#10;    }&#10;  ]&#10;}" description="" toReformat="false" toShortenFQNames="true" useStaticImport="true">
    <context>
      <option name="OTHER" value="true" />
    </context>
  </template>
  <template name="clusteredBarChart2" value="{&#10;  &quot;type&quot;: &quot;clusteredBarChart2&quot;,&#10;  &quot;data&quot;: &quot;&lt;% userSurveyData.getFeaturePriorities() %&gt;&quot;,&#10;  &quot;dataVariableName&quot;: &quot;data&quot;,&#10;  &quot;measurementDataSets&quot;: [&#10;    {&#10;      &quot;name&quot;: &quot;Priority (1-highest, 5-lowest)&quot;,&#10;      &quot;value&quot;: &quot;&lt;% 5 - data.avgRanking %&gt;&quot;,&#10;      &quot;hideInTooltip&quot;: true,&#10;      &quot;chartMarkLabel&quot;: &quot;&lt;% data.avgRanking %&gt;&quot;&#10;    }&#10;  ],&#10;  &quot;measurementAxisOptions&quot;: {&#10;    &quot;hideAxisValues&quot;: true&#10;  },&#10;  &quot;categoryDataSet&quot;: {&#10;    &quot;name&quot;: &quot;Feature&quot;,&#10;    &quot;value&quot;: &quot;&lt;% data.feature %&gt;&quot;&#10;  },&#10;  &quot;secondaryCategory&quot;: {&#10;    &quot;name&quot;: &quot;Type&quot;,&#10;    &quot;value&quot;: &quot;&lt;% data.featureType %&gt;&quot;&#10;  }&#10;}" description="" toReformat="false" toShortenFQNames="true" useStaticImport="true">
    <context>
      <option name="OTHER" value="true" />
    </context>
  </template>
  <template name="lineChart2" value="{&#10;  &quot;type&quot;: &quot;lineChart2&quot;,&#10;  &quot;data&quot;: &quot;&lt;% userSurveyData.getUsageMetrics() %&gt;&quot;,&#10;  &quot;dataVariableName&quot;: &quot;data&quot;,&#10;  &quot;measurementDataSets&quot;: [&#10;    {&#10;      &quot;name&quot;: &quot;Feature A Usage&quot;,&#10;      &quot;value&quot;: &quot;&lt;% data.usageFeatureA %&gt;&quot;&#10;    },&#10;    {&#10;      &quot;name&quot;: &quot;Feature B Usage&quot;,&#10;      &quot;value&quot;: &quot;&lt;% data.usageFeatureB %&gt;&quot;&#10;    },&#10;    {&#10;      &quot;name&quot;: &quot;Feature C Usage&quot;,&#10;      &quot;value&quot;: &quot;&lt;% data.usageFeatureC %&gt;&quot;&#10;    }&#10;  ],&#10;  &quot;measurementAxisOptions&quot;: {&#10;    &quot;axisTitle&quot;: &quot;Avg Usage per Day&quot;&#10;  },&#10;  &quot;categoryDataSet&quot;: {&#10;    &quot;name&quot;: &quot;Time&quot;,&#10;    &quot;value&quot;: &quot;&lt;% data.time %&gt;&quot;&#10;  }&#10;}" description="" toReformat="false" toShortenFQNames="true" useStaticImport="true">
    <context>
      <option name="OTHER" value="true" />
    </context>
  </template>
  <template name="multiSelectCalendar" value="{&#10;  &quot;type&quot;: &quot;multiSelectCalendar&quot;,&#10;  &quot;calendarStartDate&quot;: &quot;2023-11-01&quot;,&#10;  &quot;eventData&quot;: {&#10;    &quot;on&quot;: &quot;&lt;% eventData.getData() %&gt;&quot;,&#10;    &quot;as&quot;: &quot;data&quot;,&#10;    &quot;template&quot;: {&#10;      &quot;startDate&quot;: &quot;&lt;% date:parse(data.start) %&gt;&quot;,&#10;      &quot;endDate&quot;: &quot;&lt;% date:parse(data.end ?? data.start) %&gt;&quot;,&#10;      &quot;style&quot;: &quot;&lt;% data.style ?? 'DEFAULT' %&gt;&quot;,&#10;      &quot;title&quot;: &quot;&lt;% data.label %&gt;&quot;,&#10;      &quot;editTask&quot;: {&#10;        &quot;render&quot;: &quot;&lt;% data.enabled ?? false %&gt;&quot;,&#10;        &quot;task&quot;: {&#10;          &quot;taskId&quot;: &quot;popup&quot;,&#10;          &quot;parameters&quot;: {&#10;            &quot;startDate&quot;: &quot;&lt;% date:parse(data.start) %&gt;&quot;,&#10;            &quot;endDate&quot;: &quot;&lt;% date:parse(data.end) %&gt;&quot;,&#10;            &quot;style&quot;: &quot;&lt;% data.style %&gt;&quot;,&#10;            &quot;title&quot;: &quot;&lt;% data.label %&gt;&quot;&#10;          }&#10;        }&#10;      }&#10;    }&#10;  },&#10;  &quot;sidebar&quot;: {&#10;    &quot;task&quot;: {&#10;      &quot;taskId&quot;: &quot;sidebar&quot;,&#10;      &quot;parameters&quot;: {&#10;        &quot;username&quot;: &quot;lmcneil&quot;&#10;      }&#10;    },&#10;    &quot;position&quot;: &quot;left&quot;&#10;  },&#10;  &quot;submitButton&quot;: {&#10;    &quot;label&quot;: &quot;SUBMIT&quot;,&#10;    &quot;render&quot;: &quot;true&quot;,&#10;    &quot;datesQueryParamName&quot;: &quot;selectedDates&quot;,&#10;    &quot;task&quot;: {&#10;      &quot;taskId&quot;: &quot;submit&quot;,&#10;      &quot;parameters&quot;: {&#10;        &quot;userId&quot;: &quot;12345&quot;,&#10;        &quot;username&quot;: &quot;lmcneil&quot;,&#10;        &quot;date&quot;: &quot;someQueryParamData&quot;&#10;      }&#10;    }&#10;  }&#10;}" description="" toReformat="false" toShortenFQNames="true" useStaticImport="true">
    <context>
      <option name="OTHER" value="true" />
    </context>
  </template>
  <template name="editWizard" value="&quot;body&quot;: {&#10;  &quot;type&quot;: &quot;editWizard&quot;,&#10;  &quot;title&quot;: &quot;Job Application&quot;,&#10;  &quot;subtitle&quot;: &quot;Software Engineer P2&quot;,&#10;  &quot;summarySettings&quot;: {&#10;    &quot;enabled&quot;: true,&#10;    &quot;label&quot;: &quot;Review Label (Custom!)&quot;&#10;  },&#10;  &quot;editTasks&quot;: [&#10;    {&#10;      &quot;label&quot;: &quot;Personal Information&quot;,&#10;      &quot;task&quot;: {&#10;        &quot;taskId&quot;: &quot;personalInformation&quot;&#10;      }&#10;    },&#10;    {&#10;      &quot;label&quot;: &quot;Internal Hire Details&quot;,&#10;      &quot;render&quot;: &quot;&lt;% queryParams.isInternalApplicant ?: false %&gt;&quot;,&#10;      &quot;_addnullhandle&quot;: &quot;true&quot;,&#10;      &quot;task&quot;: {&#10;        &quot;taskId&quot;: &quot;internalHireDetails&quot;&#10;      }&#10;    },&#10;    {&#10;      &quot;label&quot;: &quot;Resume &amp; Cover Letter&quot;,&#10;      &quot;task&quot;: {&#10;        &quot;taskId&quot;: &quot;resume&quot;&#10;      }&#10;    },&#10;    {&#10;      &quot;label&quot;: &quot;Education &amp; Employment History&quot;,&#10;      &quot;task&quot;: {&#10;        &quot;taskId&quot;: &quot;educationAndEmployment&quot;&#10;      }&#10;    },&#10;    {&#10;      &quot;label&quot;: &quot;References&quot;,&#10;      &quot;task&quot;: {&#10;        &quot;taskId&quot;: &quot;references&quot;&#10;      }&#10;    }&#10;  ]&#10;}" description="" toReformat="false" toShortenFQNames="true" useStaticImport="true">
    <context>
      <option name="OTHER" value="true" />
    </context>
  </template>
  <template name="hub" value="&quot;body&quot;: {&#10;  &quot;type&quot;: &quot;hub&quot;,&#10;  &quot;label&quot;: &quot;Hack Project&quot;,&#10;  &quot;initialTask&quot;: {&#10;    &quot;taskId&quot;: &quot;projectHome&quot;&#10;  },&#10;  &quot;navigationTasks&quot;: [&#10;    {&#10;      &quot;type&quot;: &quot;group&quot;,&#10;      &quot;icon&quot;: &quot;wd-icon-globe&quot;,&#10;      &quot;label&quot;: &quot;Project&quot;,&#10;      &quot;items&quot;: [&#10;        {&#10;          &quot;label&quot;: &quot;About&quot;,&#10;          &quot;task&quot;: {&#10;            &quot;taskId&quot;: &quot;projectHome&quot;&#10;          }&#10;        },&#10;        {&#10;          &quot;label&quot;: &quot;Tickets&quot;,&#10;          &quot;task&quot;: {&#10;            &quot;taskId&quot;: &quot;projectTickets&quot;&#10;          }&#10;        },&#10;        {&#10;          &quot;label&quot;: &quot;Status&quot;,&#10;          &quot;task&quot;: {&#10;            &quot;taskId&quot;: &quot;projectStatus&quot;&#10;          }&#10;        },&#10;        {&#10;          &quot;label&quot;: &quot;Planning&quot;,&#10;          &quot;task&quot;: {&#10;            &quot;taskId&quot;: &quot;projectPlanning&quot;&#10;          }&#10;        },&#10;        {&#10;          &quot;label&quot;: &quot;User Feedback&quot;,&#10;          &quot;task&quot;: {&#10;            &quot;taskId&quot;: &quot;projectUserFeedback&quot;&#10;          }&#10;        }&#10;      ]&#10;    },&#10;    {&#10;      &quot;icon&quot;: &quot;wd-icon-contact-card-matrix-manager&quot;,&#10;      &quot;label&quot;: &quot;Meet the Team&quot;,&#10;      &quot;task&quot;: {&#10;        &quot;taskId&quot;: &quot;projectTeam&quot;&#10;      }&#10;    }&#10;  ],&#10;  &quot;additionalLinks&quot;: {&#10;    &quot;title&quot;: &quot;Additional Links&quot;,&#10;    &quot;links&quot;: [&#10;      {&#10;        &quot;type&quot;: &quot;task&quot;,&#10;        &quot;label&quot;: &quot;ListDetailHub Tickets&quot;,&#10;        &quot;task&quot;: {&#10;          &quot;taskId&quot;: &quot;ticketsListDetail&quot;&#10;        }&#10;      },&#10;      {&#10;        &quot;type&quot;: &quot;external&quot;,&#10;        &quot;label&quot;: &quot;Developer Forum&quot;,&#10;        &quot;url&quot;: &quot;https://forum.developer.workday.com/&quot;&#10;      }&#10;    ]&#10;  }&#10;}" description="" toReformat="false" toShortenFQNames="true" useStaticImport="true">
    <context>
      <option name="OTHER" value="true" />
    </context>
  </template>
  <template name="bubbleChart2" value="{&#10;  &quot;type&quot;: &quot;bubbleChart2&quot;,&#10;  &quot;data&quot;: &quot;&lt;% teamData.getTeamSkillsData() %&gt;&quot;,&#10;  &quot;dataVariableName&quot;: &quot;data&quot;,&#10;  &quot;animateOnLoad&quot;: true,&#10;  &quot;measurementDataSet&quot;: {&#10;    &quot;name&quot;: &quot;Average Rating (1 - 10)&quot;,&#10;    &quot;value&quot;: &quot;&lt;% data.avgRating %&gt;&quot;&#10;  },&#10;  &quot;bubbleSizeDataSet&quot;: {&#10;    &quot;name&quot;: &quot;Members Certified&quot;,&#10;    &quot;value&quot;: &quot;&lt;% data.numMembers %&gt;&quot;&#10;  },&#10;  &quot;chartMarkLabel&quot;: &quot;&lt;% 'Avg Rating: ' + data.avgRating %&gt;&quot;,&#10;  &quot;bubbleColorDataSet&quot;: {&#10;    &quot;name&quot;: &quot;Skill Category&quot;,&#10;    &quot;value&quot;: &quot;&lt;% data.skillType %&gt;&quot;&#10;  },&#10;  &quot;categoryDataSet&quot;: {&#10;    &quot;name&quot;: &quot;Skill&quot;,&#10;    &quot;value&quot;: &quot;&lt;% data.skill %&gt;&quot;&#10;  }&#10;}" description="" toReformat="false" toShortenFQNames="true" useStaticImport="true">
    <context>
      <option name="OTHER" value="true" />
    </context>
  </template>
  <template name="listDetailHub" value="&quot;body&quot;: {&#10;  &quot;type&quot;: &quot;listDetailHub&quot;,&#10;  &quot;label&quot;: &quot;Project Tickets&quot;,&#10;  &quot;items&quot;: &quot;&lt;% tickets.getAllTickets() %&gt;&quot;,&#10;  &quot;itemVariableName&quot;: &quot;ticket&quot;,&#10;  &quot;icon&quot;: &quot;wd-accent-checkmarked-page&quot;,&#10;  &quot;navigationTemplate&quot;: {&#10;    &quot;icon&quot;: &quot;wd-icon-checkboxes&quot;,&#10;    &quot;label&quot;: &quot;Ticket - &lt;% ticket.name %&gt;&quot;,&#10;    &quot;task&quot;: {&#10;      &quot;taskId&quot;: &quot;ticketView&quot;,&#10;      &quot;parameters&quot;: {&#10;        &quot;ticketId&quot;: &quot;&lt;% ticket.id %&gt;&quot;&#10;      }&#10;    }&#10;  },&#10;  &quot;additionalLinks&quot;: {&#10;    &quot;title&quot;: &quot;Additionals Links&quot;,&#10;    &quot;links&quot;: [&#10;      {&#10;        &quot;label&quot;: &quot;Project Home&quot;,&#10;        &quot;task&quot;: {&#10;          &quot;taskId&quot;: &quot;projectHub&quot;&#10;        }&#10;      },&#10;      {&#10;        &quot;type&quot;: &quot;external&quot;,&#10;        &quot;label&quot;: &quot;Developer Forum&quot;,&#10;        &quot;url&quot;: &quot;https://forum.developer.workday.com/&quot;&#10;      }&#10;    ]&#10;  }&#10;}" description="" toReformat="false" toShortenFQNames="true" useStaticImport="true">
    <context>
      <option name="OTHER" value="true" />
    </context>
  </template>
  <template name="getUserInfo" value="{&#10;  &quot;name&quot;: &quot;getUserInfo&quot;,&#10;  &quot;httpMethod&quot;: &quot;GET&quot;,&#10;  &quot;authType&quot;: &quot;sso&quot;,&#10;  &quot;baseUrlType&quot;: &quot;WORKDAY-COMMON&quot;,&#10;  &quot;url&quot;: &quot;/userInfo&quot;&#10;}" description="" toReformat="false" toShortenFQNames="true" useStaticImport="true">
    <context>
      <option name="OTHER" value="true" />
    </context>
  </template>
  <template name="getCurrentWorker" value="{&#10;      &quot;name&quot;: &quot;currentWorker&quot;,&#10;      &quot;baseUrlType&quot;: &quot;WORKDAY-STAFFING&quot;,&#10;      &quot;url&quot;: &quot;/workers/me&quot;,&#10;      &quot;authType&quot;: &quot;sso&quot;&#10;    }," description="" toReformat="false" toShortenFQNames="true" useStaticImport="true">
    <context>
      <option name="OTHER" value="true" />
    </context>
  </template>
  <template name="getBO" value="{&#10;      &quot;name&quot;: &quot;bo&quot;,&#10;      &quot;baseUrlType&quot;: &quot;WORKDAY-APP-OBJECTS&quot;,&#10;      &quot;url&quot;: &quot;/bo?limit=30&quot;,&#10;      &quot;authType&quot;: &quot;isu&quot;&#10;    }" description="" toReformat="false" toShortenFQNames="true" useStaticImport="true">
    <context>
      <option name="OTHER" value="true" />
    </context>
  </template>
  <template name="outboundFlowVars" value="{&#10;        &quot;name&quot;: &quot;outboundFlowVars&quot;,&#10;        &quot;variableScope&quot;: &quot;flow&quot;,&#10;        &quot;type&quot;: &quot;outboundVariable&quot;,&#10;        &quot;values&quot;: [&#10;          {&#10;            &quot;outboundPath&quot;: &quot;worker.id&quot;,&#10;            &quot;value&quot;: &quot;&lt;% !empty queryParams.worker.id ? queryParams.worker.id : '' %&gt;&quot;&#10;          }&#10;        ]&#10;      }" description="" toReformat="false" toShortenFQNames="true" useStaticImport="true">
    <context>
      <option name="OTHER" value="true" />
    </context>
  </template>
  <template name="orchestration_POST" value="{&#10;        &quot;name&quot;: &quot;orch&quot;,&#10;        &quot;baseUrlType&quot;: &quot;WORKDAY-ORCHESTRATION&quot;,&#10;        &quot;url&quot;: &quot;/orchId/launch&quot;,&#10;        &quot;httpMethod&quot;: &quot;POST&quot;,&#10;        &quot;authType&quot;: &quot;wcpIsu&quot;,&#10;        &quot;values&quot;: [&#10;          {&#10;            &quot;outboundPath&quot;: &quot;eventId&quot;,&#10;            &quot;value&quot;: &quot;&lt;% queryParams.eventId %&gt;&quot;&#10;          },&#10;          {&#10;            &quot;outboundPath&quot;: &quot;comment&quot;,&#10;            &quot;value&quot;: &quot;&lt;% soapEncode(comments.value) %&gt;&quot;&#10;          }&#10;        ]&#10;      }" description="" toReformat="false" toShortenFQNames="true" useStaticImport="true">
    <context>
      <option name="OTHER" value="true" />
    </context>
  </template>
  <template name="submitStep" value="{&#10;        &quot;name&quot;: &quot;submitStep&quot;,&#10;        &quot;baseUrlType&quot;: &quot;WORKDAY-BP&quot;,&#10;        &quot;url&quot;: &quot;&lt;% '/eventSteps/' + flowVariables.eventStepId + '/submit' %&gt;&quot;,&#10;        &quot;httpMethod&quot;: &quot;POST&quot;,&#10;        &quot;authType&quot;: &quot;sso&quot;,&#10;        &quot;values&quot;: [&#10;          {&#10;            &quot;outboundPath&quot;: &quot;stepAction.id&quot;,&#10;            &quot;value&quot;: &quot;d9e4223e446c11de98360015c5e6daf6&quot;&#10;          },&#10;          {&#10;            &quot;outboundPath&quot;: &quot;comment&quot;,&#10;            &quot;value&quot;: &quot;&lt;% 'Submitting for Regional Review' %&gt;&quot;&#10;          }&#10;        ]&#10;      }" description="" toReformat="false" toShortenFQNames="true" useStaticImport="true">
    <context>
      <option name="OTHER" value="true" />
    </context>
  </template>
  <template name="dataProviders" value="    &quot;dataProviders&quot;: [&#10;    {&#10;      &quot;key&quot;: &quot;WORKDAY-COMMON&quot;,&#10;      &quot;value&quot;: &quot;&lt;% attrstore.workdayBaseUrl %&gt;/common/v1&quot;&#10;    },&#10;    {&#10;      &quot;key&quot;: &quot;WORKDAY-RAAS&quot;,&#10;      &quot;value&quot;: &quot;&lt;% attrstore.workdayBaseUrl %&gt;/raas&quot;&#10;    },&#10;    {&#10;      &quot;key&quot;: &quot;WORKDAY-WQL&quot;,&#10;      &quot;value&quot;: &quot;&lt;% attrstore.workdayBaseUrl %&gt;/wql/v1&quot;&#10;    },&#10;    {&#10;      &quot;key&quot;: &quot;REFERENCE-DATA&quot;,&#10;      &quot;value&quot;: &quot;&lt;% attrstore.edmWdBaseUrl %&gt;/reference&quot;&#10;    },&#10;    {&#10;      &quot;key&quot;: &quot;WORKDAY-STAFFING&quot;,&#10;      &quot;value&quot;: &quot;&lt;% attrstore.workdayBaseUrl %&gt;/staffing/v2&quot;&#10;    },&#10;    {&#10;      &quot;key&quot;: &quot;WORKDAY-APP-OBJECTS&quot;,&#10;      &quot;value&quot;: &quot;&lt;% attrstore['WORKDAY-APP-OBJECTS'] %&gt;&quot;&#10;    },&#10;    {&#10;      &quot;key&quot;: &quot;WORKDAY-BP&quot;,&#10;      &quot;value&quot;: &quot;&lt;% attrstore.workdayBaseUrl %&gt;/businessProcess/v1&quot;&#10;    },&#10;    {&#10;      &quot;key&quot;: &quot;WORKDAY-ORCHESTRATIONS&quot;,&#10;      &quot;value&quot;: &quot;&lt;% attrstore.workdayBaseUrl %&gt;/orchestrate/v1/apps/&lt;% attrstore.applicationId %&gt;/orchestrations/&quot;&#10;    },&#10;    {&#10;      &quot;key&quot;: &quot;WORKDAY-CUSTOM-OBJECT&quot;,&#10;      &quot;value&quot;: &quot;&lt;% attrstore.workdayBaseUrl %&gt;/customObject/v2/customObjects&quot;&#10;    },&#10;    {&#10;      &quot;key&quot;: &quot;AWS&quot;,&#10;      &quot;value&quot;: &quot;&lt;% attrstore.edmWdBaseUrl %&gt;&quot;&#10;    },&#10;    {&#10;      &quot;key&quot;: &quot;DOCGEN&quot;,&#10;      &quot;value&quot;: &quot;&lt;% attrstore.edmWdBaseUrl %&gt;&quot;&#10;    },&#10;    {&#10;      &quot;key&quot;: &quot;WORKDAY-CONNECT&quot;,&#10;      &quot;value&quot;: &quot;&lt;% attrstore.workdayBaseUrl %&gt;/connect/v1&quot;&#10;    },&#10;    {&#10;      &quot;key&quot;: &quot;WORKDAY-PERSON&quot;,&#10;      &quot;value&quot;: &quot;&lt;% attrstore.workdayBaseUrl %&gt;/person/v1&quot;&#10;    },&#10;    {&#10;      &quot;key&quot;: &quot;WORKDAY-OAUTH&quot;,&#10;      &quot;value&quot;: &quot;&lt;% attrstore.edmWdBaseUrl %&gt;/oauth/token&quot;&#10;    }&#10;  ]" description="" toReformat="false" toShortenFQNames="true" useStaticImport="true">
    <context>
      <option name="OTHER" value="true" />
    </context>
  </template>
</templateSet>